Id,Churn
0,0,0.03934077347449367
1,1,0.710704856022334
2,2,0.6344641586307362
3,3,0.021341728287502488
4,4,0.00768260871318391
5,5,0.08888084109847495
6,6,0.5609205937857209
7,7,0.3089726510215581
8,8,0.06233970054362047
9,9,0.3860644899009745
10,10,0.2159816007196843
11,11,0.14392468807118838
12,12,0.25189299153557826
13,13,0.08562883701783254
14,14,0.013584734464830732
15,15,0.040366415599878906
16,16,0.18437359856925228
17,17,0.24434295819996749
18,18,0.03143268278979767
19,19,0.02753804193920364
20,20,0.18473094432826295
21,21,0.02632153694604418
22,22,0.8023735594626579
23,23,0.38529600480392834
24,24,0.09467226628998235
25,25,0.3639750992488543
26,26,0.15982118657154257
27,27,0.021758168560043402
28,28,0.03657372579448064
29,29,0.00768260871318391
30,30,0.6166250548894177
31,31,0.4048684941513419
32,32,0.7939476975605799
33,33,0.5454255627985953
34,34,0.07321661066736987
35,35,0.043189172143088914
36,36,0.5332101267085931
37,37,0.05988761491188346
38,38,0.10858272495650152
39,39,0.047683672919755615
40,40,0.3255867399890534
41,41,0.5538379575649715
42,42,0.29396179108509995
43,43,0.18019601053831408
44,44,0.35970228962151807
45,45,0.2564244428585609
46,46,0.15127671803771894
47,47,0.12578569863300618
48,48,0.29272010631611955
49,49,0.2798736671451699
50,50,0.32443764268163977
51,51,0.8027272578484252
52,52,0.26011497898475705
53,53,0.10451311704788264
54,54,0.5005772819653591
55,55,0.01176967473590742
56,56,0.018179532684081727
57,57,0.6373039755841788
58,58,0.6739238539165868
59,59,0.3174540809953753
60,60,0.026523471325681322
61,61,0.5708557139512861
62,62,0.1843408477673317
63,63,0.10308143477110121
64,64,0.7751262930452703
65,65,0.010853751819750877
66,66,0.251501214535395
67,67,0.4669018079900514
68,68,0.022938947012736875
69,69,0.6327028150240428
70,70,0.4637600495070154
71,71,0.6394718300188617
72,72,0.07289479723455666
73,73,0.5261436877705928
74,74,0.852086166056713
75,75,0.024395624287327784
76,76,0.11853529153159144
77,77,0.06331724259088216
78,78,0.156608928479304
79,79,0.017949639954670703
80,80,0.43664157341854437
81,81,0.745648784227642
82,82,0.7640776735314558
83,83,0.1817416880233325
84,84,0.29505694298827945
85,85,0.05184517588504497
86,86,0.07659136517194623
87,87,0.35163201126875915
88,88,0.32093808987112815
89,89,0.29505694298827945
90,90,0.11372086655294097
91,91,0.1717856125668344
92,92,0.8476352926115631
93,93,0.8111003555294448
94,94,0.007909728759930661
95,95,0.04365979113551647
96,96,0.129666470074717
97,97,0.7250224421285514
98,98,0.2904180399984804
99,99,0.6077301185845709
100,100,0.030498863488631123
101,101,0.8479542915913787
102,102,0.0081329637883774
103,103,0.5873676189419416
104,104,0.009419570172019342
105,105,0.7905601234195876
106,106,0.3745389931713176
107,107,0.09148338089256867
108,108,0.018869688219680585
109,109,0.15423751757508186
110,110,0.11063223487548315
111,111,0.07954442198449267
112,112,0.4722144666474531
113,113,0.315085470026707
114,114,0.014562003874756063
115,115,0.784551005791647
116,116,0.021048931983026133
117,117,0.009494985893430195
118,118,0.0252268074640323
119,119,0.7811889792888109
120,120,0.10016938246504316
121,121,0.049919129506493
122,122,0.2843576298456411
123,123,0.34224455481248534
124,124,0.2698720039053905
125,125,0.24928430538724206
126,126,0.6873771725233099
127,127,0.24207751014492124
128,128,0.17732071682032408
129,129,0.11761481540416065
130,130,0.0886830124540923
131,131,0.05683950247713523
132,132,0.008498735341998305
133,133,0.03876369063320849
134,134,0.20238197783599707
135,135,0.057547767201586636
136,136,0.05559258463155971
137,137,0.010801491145942132
138,138,0.046820324756427195
139,139,0.16385391442317684
140,140,0.0188171985381902
141,141,0.018489896836631152
142,142,0.08866249032043196
143,143,0.11007016535974597
144,144,0.2662282832771481
145,145,0.1415460162942001
146,146,0.3228135452942457
147,147,0.012894082905941686
148,148,0.009704129921336263
149,149,0.6906276684526955
150,150,0.034269868202826126
151,151,0.6252692455396839
152,152,0.3532612885164624
153,153,0.024948456186386473
154,154,0.3216173727384328
155,155,0.8251798297480524
156,156,0.031395640966680696
157,157,0.1024893444790852
158,158,0.05476860386833059
159,159,0.08580216229208372
160,160,0.2643684936211347
161,161,0.6912843389006926
162,162,0.0740830670527207
163,163,0.04413709216893056
164,164,0.5401346187141349
165,165,0.08020453219206629
166,166,0.053194279558849526
167,167,0.12310571140533984
168,168,0.02118154816854918
169,169,0.5134872989587912
170,170,0.7968152013589995
171,171,0.027831773659609683
172,172,0.3600163065555536
173,173,0.3659098046511895
174,174,0.09158677237735782
175,175,0.4990678451203948
176,176,0.10537463449631715
177,177,0.03674285903815338
178,178,0.0202806424295287
179,179,0.8345618168527024
180,180,0.14573093418850622
181,181,0.061388512733832
182,182,0.0406934964754586
183,183,0.09287968587980547
184,184,0.15043094249480088
185,185,0.019864137777524053
186,186,0.09831873885697982
187,187,0.013541957341158256
188,188,0.023683354900029385
189,189,0.036997236643753255
190,190,0.024956323327945798
191,191,0.0102688542545531
192,192,0.1524289811280982
193,193,0.04616930138551561
194,194,0.3965433125746421
195,195,0.15443824902053546
196,196,0.031895888047823145
197,197,0.17726575528909463
198,198,0.3695923304234477
199,199,0.45664563153718557
200,200,0.4737458508160271
201,201,0.6851626099892777
202,202,0.1730883126504285
203,203,0.7391486998945646
204,204,0.14662969520788538
205,205,0.012743199804041068
206,206,0.05466934765758703
207,207,0.6194972579701226
208,208,0.751259211469969
209,209,0.5394899780737356
210,210,0.21275719649023436
211,211,0.10590903576032899
212,212,0.5330775501981491
213,213,0.01765834957686539
214,214,0.01827768385759548
215,215,0.6415436975454539
216,216,0.8508013933529817
217,217,0.792691853249062
218,218,0.16273523724653038
219,219,0.4639058374177395
220,220,0.45272206086827893
221,221,0.034645248087733206
222,222,0.04876575678455089
223,223,0.08456401247469976
224,224,0.020433438452836135
225,225,0.6149774360199908
226,226,0.24021997035728343
227,227,0.07432620181845391
228,228,0.4454758445987006
229,229,0.3175784314844652
230,230,0.008439365304456532
231,231,0.014516670104923237
232,232,0.26605360023153246
233,233,0.010992519186245832
234,234,0.0184810685311992
235,235,0.02620788042159675
236,236,0.7859978155452316
237,237,0.2353430771881878
238,238,0.057080016878053204
239,239,0.343552435311731
240,240,0.15410083846594086
241,241,0.02714345825503675
242,242,0.12042105168399159
243,243,0.3623654019203874
244,244,0.037088302434842436
245,245,0.08020984541115495
246,246,0.027496642318305037
247,247,0.0077214184143935116
248,248,0.09524294704735818
249,249,0.02822483693509292
250,250,0.007777975706712326
251,251,0.025753104617212134
252,252,0.0831236332589096
253,253,0.43602704839035644
254,254,0.3539240928715594
255,255,0.5855744343367447
256,256,0.06409447719950381
257,257,0.1274510391308124
258,258,0.17386146908615796
259,259,0.6674832389546625
260,260,0.08537183128198265
261,261,0.27321861535045894
262,262,0.23444812512843724
263,263,0.5279268290149988
264,264,0.6424017328381713
265,265,0.36665334026593005
266,266,0.6919182036557672
267,267,0.30216472785669896
268,268,0.21164040966036218
269,269,0.08701340550601543
270,270,0.016593655582939307
271,271,0.010208119792095082
272,272,0.33561992903320026
273,273,0.5904380521589643
274,274,0.06200683961117064
275,275,0.3105289777700542
276,276,0.03540586442627681
277,277,0.058048414838169506
278,278,0.10221393606327626
279,279,0.031991640200674534
280,280,0.5667650267584804
281,281,0.05715311924101318
282,282,0.44257567894134914
283,283,0.007909728759930661
284,284,0.15130970449629097
285,285,0.009650354888729309
286,286,0.017585016866061797
287,287,0.008439365304456532
288,288,0.1161580504659288
289,289,0.6797861145195269
290,290,0.3842406136997761
291,291,0.6374774901489929
292,292,0.06496248396535483
293,293,0.4149435576520081
294,294,0.47198381599520567
295,295,0.07054249896682813
296,296,0.08310155058971395
297,297,0.4280644516631687
298,298,0.00768260871318391
299,299,0.2198428643207308
300,300,0.03539663767652175
301,301,0.07815516682281161
302,302,0.09856803516443136
303,303,0.7681093383873528
304,304,0.038529748179911436
305,305,0.16167489083320635
306,306,0.2842558278785606
307,307,0.5939338294753128
308,308,0.7078360092201269
309,309,0.8028623931817149
310,310,0.05924378956244616
311,311,0.015334593183464721
312,312,0.08154509806681724
313,313,0.0500323354623125
314,314,0.45026761460814646
315,315,0.7712764723533923
316,316,0.026573974939220212
317,317,0.26227625793976406
318,318,0.7317550953694137
319,319,0.5128742214942918
320,320,0.40324520906312883
321,321,0.7294143998507333
322,322,0.49915048937055956
323,323,0.07746634742486105
324,324,0.023279199814760725
325,325,0.8015509680262121
326,326,0.026747522614141334
327,327,0.1967948272693323
328,328,0.009161472448840297
329,329,0.3807360642179833
330,330,0.11886328361489688
331,331,0.28938614666084833
332,332,0.28986740266669175
333,333,0.14048312464824436
334,334,0.5464839796525695
335,335,0.10070895000171816
336,336,0.013826212456310868
337,337,0.26416929783547827
338,338,0.018982366587767776
339,339,0.017975189729800098
340,340,0.4774113598723333
341,341,0.2635622618678203
342,342,0.0885656814518249
343,343,0.2368791860218816
344,344,0.015932890013356352
345,345,0.047683672919755615
346,346,0.34913964694067146
347,347,0.39072196279903615
348,348,0.009720172863764124
349,349,0.34265031400660445
350,350,0.05527360631834746
351,351,0.0454209972836642
352,352,0.274960269361914
353,353,0.054868621543585266
354,354,0.2999678162315319
355,355,0.01936138340779004
356,356,0.7727548216854149
357,357,0.5529627664151248
358,358,0.7380717208280212
359,359,0.5305797730320826
360,360,0.188012036111718
361,361,0.018215735901974787
362,362,0.3005881884090059
363,363,0.05580508607181848
364,364,0.2773901884834302
365,365,0.009229532582807228
366,366,0.07056616495893941
367,367,0.15978883668340604
368,368,0.053921950590656326
369,369,0.07357746401416472
370,370,0.07173472777632185
371,371,0.2747090868752377
372,372,0.04271181619445191
373,373,0.8314820044094654
374,374,0.024002352029239477
375,375,0.11690464363905435
376,376,0.1550087940990791
377,377,0.13501604900339512
378,378,0.667011714545188
379,379,0.5582651802913692
380,380,0.18790537310751657
381,381,0.0692748724135617
382,382,0.03756602023759705
383,383,0.3114192010539024
384,384,0.23327830642091973
385,385,0.5054265316015715
386,386,0.5454069740366808
387,387,0.01659217708219009
388,388,0.009335583851291589
389,389,0.01974905639005197
390,390,0.7097482037306119
391,391,0.016437399252814594
392,392,0.6076551800485397
393,393,0.2945742864265023
394,394,0.08053097820197978
395,395,0.39298272238268633
396,396,0.047683672919755615
397,397,0.02748061431988105
398,398,0.11567433206279518
399,399,0.026839180670836037
400,400,0.3318443604855578
401,401,0.1032483929172556
402,402,0.020841259518795754
403,403,0.18796624487110772
404,404,0.018406021973991913
405,405,0.5201702890374098
406,406,0.5698268717795323
407,407,0.27875408613158426
408,408,0.3001957320700593
409,409,0.01118881327095471
410,410,0.05450168221130435
411,411,0.048801426831702924
412,412,0.5254636081269836
413,413,0.4171621528154005
414,414,0.29272010631611955
415,415,0.11963201783482016
416,416,0.014228691039973242
417,417,0.3562721823598839
418,418,0.0979934928726886
419,419,0.07712972702470255
420,420,0.3205807406512291
421,421,0.1782813550272479
422,422,0.39695172338959467
423,423,0.13389740160890984
424,424,0.09443111512060309
425,425,0.6632628599460868
426,426,0.16418865810520525
427,427,0.043036654769748287
428,428,0.8476352926115631
429,429,0.22895422450746078
430,430,0.0357001959068183
431,431,0.09133118853198541
432,432,0.6283879368243358
433,433,0.6367881102813557
434,434,0.6278514538042935
435,435,0.6420162208733938
436,436,0.010788983335387116
437,437,0.028053671213413928
438,438,0.3082003241060411
439,439,0.38616920795291587
440,440,0.1285497698895197
441,441,0.1743423887987004
442,442,0.19206633063808387
443,443,0.033391470817926754
444,444,0.35567231141546046
445,445,0.009261037973408671
446,446,0.02685240953705067
447,447,0.028443823259509147
448,448,0.4456988400636602
449,449,0.0915096095527737
450,450,0.533961123604604
451,451,0.4212178461716755
452,452,0.02082999907665379
453,453,0.5529627664151248
454,454,0.05384405944265492
455,455,0.1278758121649854
456,456,0.28247435830173534
457,457,0.009791665756802171
458,458,0.03305943435539959
459,459,0.1023764583635115
460,460,0.1832216971729933
461,461,0.018191520544637574
462,462,0.024395642359637672
463,463,0.02253690923759247
464,464,0.39072196279903615
465,465,0.1529747062634137
466,466,0.02265017196542371
467,467,0.6949468129187361
468,468,0.21983907610858933
469,469,0.04285660970603163
470,470,0.40425937866182915
471,471,0.34951240451799803
472,472,0.29272010631611955
473,473,0.20713510860621084
474,474,0.5341413227634717
475,475,0.03052873469474064
476,476,0.7952310496204152
477,477,0.031159365062535024
478,478,0.06308678759384105
479,479,0.22461165668402247
480,480,0.28459497467695566
481,481,0.023581890110809103
482,482,0.20361778459874072
483,483,0.6302242587034119
484,484,0.058365911191253866
485,485,0.3267360742722728
486,486,0.5326297657143992
487,487,0.2611315340760455
488,488,0.00988449753194253
489,489,0.060394500323457244
490,490,0.7046245579139457
491,491,0.4179316319033133
492,492,0.25359905326067494
493,493,0.05251215235403292
494,494,0.05398845542691909
495,495,0.015527457255352884
496,496,0.05689230317619346
497,497,0.04262908530385782
498,498,0.6450542578372144
499,499,0.07217574269260167
500,500,0.713948606741557
501,501,0.03012133399326848
502,502,0.17109136899943594
503,503,0.3245106910492626
504,504,0.297499164920746
505,505,0.019318065009410926
506,506,0.19097486166950833
507,507,0.2941196878550484
508,508,0.6141520406284603
509,509,0.08020757677878874
510,510,0.7793887003972547
511,511,0.23389226103402347
512,512,0.5737403719225027
513,513,0.4062473770408823
514,514,0.14785086343993328
515,515,0.055961046031733866
516,516,0.19612625615486956
517,517,0.8807569844631944
518,518,0.40822831581753866
519,519,0.01477928665408192
520,520,0.49445613360512736
521,521,0.044506783838750966
522,522,0.015598696680855624
523,523,0.12187469319202696
524,524,0.8508013933529817
525,525,0.12124825736276347
526,526,0.3682994085529611
527,527,0.08599085857439608
528,528,0.5958303196455724
529,529,0.06884284002240658
530,530,0.03724957787159282
531,531,0.07714987666625278
532,532,0.11258294735028024
533,533,0.307965723137375
534,534,0.7137145714048712
535,535,0.6563820938390541
536,536,0.43003669108129333
537,537,0.04729580872043185
538,538,0.43908024308836124
539,539,0.1362274804300414
540,540,0.5832576590163709
541,541,0.7241224454933926
542,542,0.14789048175327899
543,543,0.13588067334713672
544,544,0.15210404159584298
545,545,0.2847609147363503
546,546,0.40464400546257157
547,547,0.03246682097674348
548,548,0.2579371213014913
549,549,0.04811643371721467
550,550,0.07600398563634406
551,551,0.03292785488794881
552,552,0.0149501539907364
553,553,0.15670842873317117
554,554,0.09215081947624644
555,555,0.05280874219433755
556,556,0.7219703028633533
557,557,0.6517403681901346
558,558,0.11472759840154274
559,559,0.274991024210411
560,560,0.43043390325939074
561,561,0.008872519261228255
562,562,0.03111882245318894
563,563,0.012587284727859348
564,564,0.2576393082324523
565,565,0.31166517671961924
566,566,0.5957045517609608
567,567,0.07066616061214653
568,568,0.5095433797783975
569,569,0.08446070382311222
570,570,0.013126494069898596
571,571,0.7213961292448046
572,572,0.6704559388097807
573,573,0.15791000957110413
574,574,0.01499485343903812
575,575,0.2504131395917332
576,576,0.22072253610226492
577,577,0.5364693919916311
578,578,0.33785235418166576
579,579,0.7683049136103646
580,580,0.025331251252255008
581,581,0.5985115684997809
582,582,0.009864014482199349
583,583,0.021560789745449477
584,584,0.23020371155888408
585,585,0.0184810685311992
586,586,0.11606516402091858
587,587,0.056404158375778245
588,588,0.8562023686493475
589,589,0.3355283602799002
590,590,0.9203986728589423
591,591,0.08080398672027275
592,592,0.6068021285972177
593,593,0.07018625956177034
594,594,0.37270576382166143
595,595,0.5507511614137999
596,596,0.0081329637883774
597,597,0.351818413593231
598,598,0.4191703702367365
599,599,0.04369968032896547
600,600,0.009425366622975568
601,601,0.14759308312958982
602,602,0.0962741560013182
603,603,0.5410903401613153
604,604,0.03433590251826661
605,605,0.2508054016891824
606,606,0.06951599010211157
607,607,0.6199887575291496
608,608,0.071198905358932
609,609,0.1574807076430882
610,610,0.4964844819912503
611,611,0.1529747062634137
612,612,0.3366846175033535
613,613,0.18081189065558215
614,614,0.04604104879110187
615,615,0.012607465717741457
616,616,0.5082941705506029
617,617,0.10253469415477394
618,618,0.01476316277113686
619,619,0.17904376624754978
620,620,0.026538186562546646
621,621,0.3101980199419244
622,622,0.7250224421285514
623,623,0.8449432269307763
624,624,0.04069287100531289
625,625,0.12805283708817536
626,626,0.01812451257401783
627,627,0.017473917417341254
628,628,0.7000517672226275
629,629,0.20332208444011224
630,630,0.49334872621719933
631,631,0.03432455581631532
632,632,0.5280000354188963
633,633,0.02072138692668856
634,634,0.4326286268117342
635,635,0.017732413635581864
636,636,0.0775641244624119
637,637,0.13878345682155893
638,638,0.13435766427442855
639,639,0.556305451828244
640,640,0.8139512653161739
641,641,0.1791854820434299
642,642,0.1671525423066922
643,643,0.1369280947840768
644,644,0.3454974491587752
645,645,0.037391971702590475
646,646,0.07193592150063874
647,647,0.073815215313891
648,648,0.00831232095482431
649,649,0.06282607640872061
650,650,0.034271061710970024
651,651,0.7165501788274719
652,652,0.029445043484516074
653,653,0.21291150171236328
654,654,0.22006941298721172
655,655,0.5569724014200967
656,656,0.18436897656505002
657,657,0.12847145531483892
658,658,0.048596645292831475
659,659,0.27888252660866125
660,660,0.040910192695693466
661,661,0.027684151677763925
662,662,0.45421071452216877
663,663,0.2624269564144965
664,664,0.03291648055805594
665,665,0.7197030299596611
666,666,0.8803694771641327
667,667,0.17365526145527382
668,668,0.03673926332831467
669,669,0.012345731863473297
670,670,0.02454632154065102
671,671,0.47458664224516356
672,672,0.5608308615968096
673,673,0.35628890600091717
674,674,0.7589953843949877
675,675,0.09982685056429005
676,676,0.012491839846809443
677,677,0.26524743254631855
678,678,0.3173967676758795
679,679,0.6466012714693071
680,680,0.5151242716869714
681,681,0.13500150902497624
682,682,0.013090412767566308
683,683,0.42132340064369866
684,684,0.051233700750793774
685,685,0.2989527252045323
686,686,0.03105281998188254
687,687,0.029763999636875763
688,688,0.35148966595009984
689,689,0.20600514931153766
690,690,0.6301678324694018
691,691,0.8780956226543273
692,692,0.2647645052746841
693,693,0.20283743087108422
694,694,0.048596645292831475
695,695,0.6038213892885921
696,696,0.25758937523818515
697,697,0.009833406019310785
698,698,0.035696868450858565
699,699,0.10514104459620116
700,700,0.05397543864870654
701,701,0.13828941338807926
702,702,0.10442627655552979
703,703,0.07262340205741302
704,704,0.8717537215755611
705,705,0.014070869757007243
706,706,0.05127590685879843
707,707,0.7950701313412454
708,708,0.01841858827317477
709,709,0.0774059923582743
710,710,0.04621706048354085
711,711,0.21542375070200526
712,712,0.26979343337522627
713,713,0.317712798942903
714,714,0.1754773132718979
715,715,0.14486701471933794
716,716,0.7485215226531807
717,717,0.023092804587090305
718,718,0.35665829751812717
719,719,0.7923826580620844
720,720,0.10692280372552142
721,721,0.17494844630122797
722,722,0.16790803166137352
723,723,0.5148714476256829
724,724,0.06936939304955349
725,725,0.7171685532081592
726,726,0.014215035968179095
727,727,0.3622891893807473
728,728,0.21300322074351663
729,729,0.020509774883425716
730,730,0.009053299055355441
731,731,0.7693874456864254
732,732,0.009343731160693793
733,733,0.02647675170397946
734,734,0.05163350974777904
735,735,0.5603639474466742
736,736,0.02235410950376572
737,737,0.22591811388516989
738,738,0.4238241918626938
739,739,0.40703891784202934
740,740,0.22561968923013775
741,741,0.37545414580364117
742,742,0.365810520651261
743,743,0.4800453968523895
744,744,0.10520722116947971
745,745,0.21050104004731762
746,746,0.06636841708569678
747,747,0.2520037940944443
748,748,0.009638569369314369
749,749,0.6463596214652412
750,750,0.5087119182064362
751,751,0.04037151018570561
752,752,0.17561199588120585
753,753,0.07783164839455295
754,754,0.6119872685735885
755,755,0.10988977293477462
756,756,0.17215350114331385
757,757,0.4267795250297253
758,758,0.055973516688360994
759,759,0.6782970358680309
760,760,0.41093611904286564
761,761,0.6272825436852149
762,762,0.8102028807680272
763,763,0.11613128711026045
764,764,0.11550046552757033
765,765,0.10272335188174704
766,766,0.36727918296564016
767,767,0.03984689228306671
768,768,0.12698896396207257
769,769,0.3381631782195927
770,770,0.5272764299140337
771,771,0.021500817390081955
772,772,0.7655290611228776
773,773,0.15777591675826433
774,774,0.4343056821365126
775,775,0.07504128465970236
776,776,0.07650886526555298
777,777,0.5715487538292374
778,778,0.03649745451541784
779,779,0.5632901125761814
780,780,0.07961187205340492
781,781,0.46937187585798834
782,782,0.5548851494414573
783,783,0.6304918310254264
784,784,0.022503131268859396
785,785,0.5774925437133684
786,786,0.10769027750289964
787,787,0.1471755453690076
788,788,0.4510219267011559
789,789,0.020931338658480392
790,790,0.5080033421544096
791,791,0.636950944347523
792,792,0.02525920805895248
793,793,0.5035582386780352
794,794,0.6718049910172365
795,795,0.4892605543008499
796,796,0.35805439697726466
797,797,0.012743199804041068
798,798,0.08548350529051776
799,799,0.050690503494033465
800,800,0.19563904878998462
801,801,0.305290196624991
802,802,0.01958099073360915
803,803,0.712227959053727
804,804,0.009156846979717345
805,805,0.17410910124932283
806,806,0.009229878992804226
807,807,0.5288654018537664
808,808,0.19238574106888828
809,809,0.2559734459083058
810,810,0.10701610153825002
811,811,0.1894624468928883
812,812,0.3121003659206615
813,813,0.13519977510714137
814,814,0.05311246594706573
815,815,0.6277824741732837
816,816,0.19253165917933904
817,817,0.39945146577954127
818,818,0.01432928547699783
819,819,0.05479969774556553
820,820,0.10502182587416661
821,821,0.7616380159489501
822,822,0.009322051565209984
823,823,0.038134812471591735
824,824,0.07264884728725507
825,825,0.020509774883425716
826,826,0.01268286312643632
827,827,0.5332861077982954
828,828,0.7415725833448097
829,829,0.7369282811510665
830,830,0.8393629892022262
831,831,0.803713557475563
832,832,0.3040280189661027
833,833,0.2966940614632845
834,834,0.2802758735286078
835,835,0.3409557812351126
836,836,0.05412071615687544
837,837,0.7143898703908996
838,838,0.4728828066555693
839,839,0.3282146376507732
840,840,0.3848858214284295
841,841,0.3001957320700593
842,842,0.11651850398362565
843,843,0.3929935143955578
844,844,0.01662615761099771
845,845,0.4000417598849345
846,846,0.47805073752933547
847,847,0.8183309551620515
848,848,0.024061603531627444
849,849,0.24060705628735865
850,850,0.3100472411587523
851,851,0.07399252989831052
852,852,0.018596936082487796
853,853,0.22244024080609717
854,854,0.2511950791295426
855,855,0.0888519992466226
856,856,0.4484789336727433
857,857,0.10984396462700279
858,858,0.6644910536859167
859,859,0.012437585583189237
860,860,0.4831934404580498
861,861,0.10786049574525934
862,862,0.08770968220292291
863,863,0.592658047676139
864,864,0.14341975872144408
865,865,0.032547131091180445
866,866,0.08388373637175622
867,867,0.43779657931320615
868,868,0.20243930745024197
869,869,0.3603180197780668
870,870,0.7191532122473695
871,871,0.08603261407428243
872,872,0.09592337557156343
873,873,0.4419371388222107
874,874,0.6461631554950505
875,875,0.4952341411325583
876,876,0.2133293250438706
877,877,0.10334178962017457
878,878,0.019077281977228557
879,879,0.09365774640848233
880,880,0.1307171461916439
881,881,0.05337848593816946
882,882,0.010043515744811915
883,883,0.7735378670186476
884,884,0.058347708123338844
885,885,0.3213131697875524
886,886,0.2497241691977381
887,887,0.01797263254712195
888,888,0.07243962824140655
889,889,0.2711998266287237
890,890,0.26393321404311326
891,891,0.16159515399121835
892,892,0.011178110744881217
893,893,0.7018857154009812
894,894,0.04677285413521934
895,895,0.01817134086270656
896,896,0.042965821764940654
897,897,0.37807922013981554
898,898,0.061365056079848324
899,899,0.7544735081772693
900,900,0.020980705160081475
901,901,0.21122954882375797
902,902,0.12147024783471834
903,903,0.057588447612933066
904,904,0.14490640772775082
905,905,0.010804952634852216
906,906,0.5063911442655249
907,907,0.007857871218840982
908,908,0.02514337404557144
909,909,0.8120962973180538
910,910,0.021589010464927023
911,911,0.01867851175158401
912,912,0.011193125628419438
913,913,0.4810244068337152
914,914,0.12014975142845213
915,915,0.04917857718936122
916,916,0.7157327560870127
917,917,0.46328112276525146
918,918,0.3001957320700593
919,919,0.791749234360223
920,920,0.1883777088874867
921,921,0.847617137566501
922,922,0.13678758379906525
923,923,0.12353631347563496
924,924,0.5085264852379537
925,925,0.0876617752553102
926,926,0.06580607149453017
927,927,0.3040280189661027
928,928,0.059012109223966124
929,929,0.1365455879014493
930,930,0.6461315400096656
931,931,0.5297429199459305
932,932,0.780194814906668
933,933,0.0314304286917222
934,934,0.09060011572241024
935,935,0.0499016443242931
936,936,0.009720172863764124
937,937,0.27641091964663284
938,938,0.12963666353652128
939,939,0.03317280669071912
940,940,0.008567586933834612
941,941,0.6662401371730313
942,942,0.4781660023216322
943,943,0.010704124617163524
944,944,0.16423138266560158
945,945,0.7224840250810868
946,946,0.28264779909686155
947,947,0.04741955822561007
948,948,0.06265098882551096
949,949,0.34343145177219675
950,950,0.7653635969364153
951,951,0.030626076438386936
952,952,0.31166517671961924
953,953,0.38098844440083207
954,954,0.14711024844090465
955,955,0.20236934760809597
956,956,0.13324484694369043
957,957,0.33198170280536504
958,958,0.047683672919755615
959,959,0.07746634742486105
960,960,0.31163551166961456
961,961,0.4018486758700713
962,962,0.10717789306105523
963,963,0.02046430037437031
964,964,0.47652834549357204
965,965,0.7093172041977711
966,966,0.22262038994364208
967,967,0.017863225125889955
968,968,0.11991900467549994
969,969,0.046360291591289994
970,970,0.019464040478541247
971,971,0.02552368042904691
972,972,0.3411640642129258
973,973,0.14401177419263525
974,974,0.009433617746034599
975,975,0.5781894920597961
976,976,0.06348047244213886
977,977,0.06294594503771685
978,978,0.4319810910553786
979,979,0.06759739087348261
980,980,0.705218117402335
981,981,0.10011196791765661
982,982,0.3212878579150727
983,983,0.009419570172019342
984,984,0.635770489873372
985,985,0.050439904572576404
986,986,0.05917938004161546
987,987,0.5987695970014831
988,988,0.33432432129727946
989,989,0.0493524517660852
990,990,0.669189530036134
991,991,0.5684643541085049
992,992,0.21810300116258335
993,993,0.11727930221155972
994,994,0.6392485894457757
995,995,0.363238391057729
996,996,0.1529747062634137
997,997,0.008225222367418933
998,998,0.8378454459241071
999,999,0.013902489933921968
1000,1000,0.020070600902556707
1001,1001,0.3139945892963733
1002,1002,0.309527474986621
1003,1003,0.1641421882886579
1004,1004,0.4709095750235928
1005,1005,0.009156991478583624
1006,1006,0.039356552430194834
1007,1007,0.06263640609899143
1008,1008,0.07700189547379581
1009,1009,0.2272424187074187
1010,1010,0.5826999192852329
1011,1011,0.2788790999202548
1012,1012,0.13124608597131446
1013,1013,0.12462559468782962
1014,1014,0.1042610444865055
1015,1015,0.016514082389563225
1016,1016,0.00873870370647454
1017,1017,0.0994674072539718
1018,1018,0.5031699220999248
1019,1019,0.8324629638807169
1020,1020,0.6381727617844833
1021,1021,0.012684313554300724
1022,1022,0.10184632972886257
1023,1023,0.021805504197059275
1024,1024,0.07350088759890444
1025,1025,0.8499564049159405
1026,1026,0.4246446306548158
1027,1027,0.05838595811868725
1028,1028,0.04693949012370808
1029,1029,0.7168181128269119
1030,1030,0.17924709420297197
1031,1031,0.008375416838906769
1032,1032,0.06166906209303883
1033,1033,0.09056651204428721
1034,1034,0.078850059495387
1035,1035,0.48109834585538014
1036,1036,0.5675767798584039
1037,1037,0.11157526036381976
1038,1038,0.22182427680681904
1039,1039,0.009798363476372508
1040,1040,0.5119113705654623
1041,1041,0.32712512086949774
1042,1042,0.5478169617264724
1043,1043,0.010141159262847367
1044,1044,0.100375238449907
1045,1045,0.008867446377918947
1046,1046,0.010625051267867992
1047,1047,0.18912649985394148
1048,1048,0.7356872022424624
1049,1049,0.04791890663078077
1050,1050,0.1926068849015419
1051,1051,0.12062382284166574
1052,1052,0.10901136391732348
1053,1053,0.03173402133554473
1054,1054,0.015297964907611851
1055,1055,0.05886017601243691
1056,1056,0.1305696759435191
1057,1057,0.08713439912386813
1058,1058,0.1070997994435779
1059,1059,0.49784033741293077
1060,1060,0.42083641291138074
1061,1061,0.05697722526105715
1062,1062,0.08185166997666331
1063,1063,0.021900898993671192
1064,1064,0.102101938502949
1065,1065,0.32948428121138906
1066,1066,0.07681935466453756
1067,1067,0.14461772896031724
1068,1068,0.02808674806421035
1069,1069,0.007955774875218249
1070,1070,0.056770245855784884
1071,1071,0.11258294735028024
1072,1072,0.07737381416333032
1073,1073,0.13785296669632222
1074,1074,0.05004713140553586
1075,1075,0.03399552118596166
1076,1076,0.05161129330555995
1077,1077,0.4474680552162947
1078,1078,0.1277386051578362
1079,1079,0.6108468928786457
1080,1080,0.020154212877026515
1081,1081,0.8182908087052971
1082,1082,0.43919323553852857
1083,1083,0.06145635515362631
1084,1084,0.6659889153761985
1085,1085,0.27674973490523913
1086,1086,0.44665456594421615
1087,1087,0.029284710016215965
1088,1088,0.707725949213645
1089,1089,0.7475326266281426
1090,1090,0.1863528536711237
1091,1091,0.5646808320644738
1092,1092,0.053944024292297145
1093,1093,0.5548459714020185
1094,1094,0.3617846886038749
1095,1095,0.07289479723455666
1096,1096,0.04438544199409856
1097,1097,0.15982566078880836
1098,1098,0.3900730011471416
1099,1099,0.13375924411388965
1100,1100,0.5006751464519117
1101,1101,0.3273247590495365
1102,1102,0.1448846412781993
1103,1103,0.048596645292831475
1104,1104,0.019153101926789744
1105,1105,0.10693304273400417
1106,1106,0.017065604618238885
1107,1107,0.025581672417605374
1108,1108,0.008143560527808591
1109,1109,0.1923300598400433
1110,1110,0.6916759181408234
1111,1111,0.05445171690802779
1112,1112,0.009408631775797502
1113,1113,0.09144750640198318
1114,1114,0.0825208246818237
1115,1115,0.5498872884923748
1116,1116,0.17694799468681602
1117,1117,0.1709836166509825
1118,1118,0.02394400008418324
1119,1119,0.18028515513080676
1120,1120,0.08702659016844863
1121,1121,0.14661842138744818
1122,1122,0.32423752351948687
1123,1123,0.3861691486213814
1124,1124,0.02262671598386577
1125,1125,0.017040951809911196
1126,1126,0.340837168425851
1127,1127,0.528284210266152
1128,1128,0.12751816439846078
1129,1129,0.4276551735437672
1130,1130,0.36738310777755917
1131,1131,0.021222747868058466
1132,1132,0.10512674118160359
1133,1133,0.15375087128934567
1134,1134,0.6412712389796635
1135,1135,0.635407683673162
1136,1136,0.017891591402652014
1137,1137,0.07964040854400255
1138,1138,0.50111251305004
1139,1139,0.011466211407130606
1140,1140,0.5960953552609086
1141,1141,0.6032788281443057
1142,1142,0.06364107393488871
1143,1143,0.07342992127188275
1144,1144,0.37279169484297736
1145,1145,0.26577440358214194
1146,1146,0.08191576107231532
1147,1147,0.12472285890008784
1148,1148,0.010364362608979593
1149,1149,0.034053380339871035
1150,1150,0.3224245267700334
1151,1151,0.2821557071862595
1152,1152,0.551118323860466
1153,1153,0.008975697354883657
1154,1154,0.14798064905126876
1155,1155,0.07711590694478557
1156,1156,0.00841286680397523
1157,1157,0.16157827296338614
1158,1158,0.5279268290149988
1159,1159,0.866211531572196
1160,1160,0.008759972247331394
1161,1161,0.24364487707792282
1162,1162,0.23396759486697655
1163,1163,0.2216329788915662
1164,1164,0.017898266179926476
1165,1165,0.5450857652353288
1166,1166,0.11498664693872551
1167,1167,0.011464744758733148
1168,1168,0.14777563736335106
1169,1169,0.009273501396591884
1170,1170,0.04289652312796012
1171,1171,0.04492675564967528
1172,1172,0.197886725290159
1173,1173,0.0815733420985146
1174,1174,0.10436558755130776
1175,1175,0.5852169267419661
1176,1176,0.17797938084457582
1177,1177,0.03845124259438235
1178,1178,0.4593134958245918
1179,1179,0.0721882524339299
1180,1180,0.025253187313944363
1181,1181,0.01148662500843098
1182,1182,0.2576089237288076
1183,1183,0.07747752896282076
1184,1184,0.08274022284456994
1185,1185,0.14487142728940017
1186,1186,0.6181714872509723
1187,1187,0.5964770451454346
1188,1188,0.008787899786145926
1189,1189,0.10619827669349058
1190,1190,0.08582900815725476
1191,1191,0.03515380402511814
1192,1192,0.24392033598582216
1193,1193,0.42213010707280796
1194,1194,0.5417744026177159
1195,1195,0.06302289437918686
1196,1196,0.09629372999381136
1197,1197,0.07596695983177225
1198,1198,0.036101359959566086
1199,1199,0.1806662445441357
1200,1200,0.14416792163937217
1201,1201,0.02547675330924276
1202,1202,0.03340818882874303
1203,1203,0.5181685639179435
1204,1204,0.2650554280831398
1205,1205,0.20414717698792617
1206,1206,0.49390391318257
1207,1207,0.08588991503731368
1208,1208,0.38606196882140115
1209,1209,0.06329527079872897
1210,1210,0.4229428827893926
1211,1211,0.038388217454070304
1212,1212,0.07888704157597136
1213,1213,0.8692080053405382
1214,1214,0.14657490727992742
1215,1215,0.30960413412346355
1216,1216,0.2470965641181208
1217,1217,0.6679371713936859
1218,1218,0.2342926044349774
1219,1219,0.07053741565756916
1220,1220,0.010702815086468026
1221,1221,0.31796075191697803
1222,1222,0.8534675702645129
1223,1223,0.38888688819127715
1224,1224,0.04527734972264556
1225,1225,0.35131445550210344
1226,1226,0.791749234360223
1227,1227,0.6942932075390632
1228,1228,0.4602630634712693
1229,1229,0.837053126205193
1230,1230,0.010660356628540965
1231,1231,0.6301504933357848
1232,1232,0.6964232893618757
1233,1233,0.4734092921735465
1234,1234,0.20039916555344078
1235,1235,0.008629895917994629
1236,1236,0.8803694771641327
1237,1237,0.5852453111140056
1238,1238,0.5935349932459757
1239,1239,0.017441465005054446
1240,1240,0.18084773800045137
1241,1241,0.06766802174848621
1242,1242,0.010142889426178206
1243,1243,0.7503385459472272
1244,1244,0.010113755824536504
1245,1245,0.07103792402460567
1246,1246,0.4056966683004083
1247,1247,0.13041872946367364
1248,1248,0.10937987911506061
1249,1249,0.11348598533327882
1250,1250,0.0459693815140328
1251,1251,0.32317849226336137
1252,1252,0.010343437848579674
1253,1253,0.839342493466186
1254,1254,0.12805067834305767
1255,1255,0.007997522264948197
1256,1256,0.5944298495894583
1257,1257,0.62223900927996
1258,1258,0.008524876548690037
1259,1259,0.40923864457163395
1260,1260,0.8413683384483619
1261,1261,0.018327022240835763
1262,1262,0.2364383012830385
1263,1263,0.251579201582689
1264,1264,0.2018218580800295
1265,1265,0.29131193070668415
1266,1266,0.40028693537242627
1267,1267,0.26801820797241394
1268,1268,0.6629479481062244
1269,1269,0.38472730405541855
1270,1270,0.026465761220102184
1271,1271,0.016647295914511192
1272,1272,0.09982072469629656
1273,1273,0.018539820736573162
1274,1274,0.01038241592807885
1275,1275,0.17464078115875026
1276,1276,0.02603203616146725
1277,1277,0.007777975706712326
1278,1278,0.08130382806402947
1279,1279,0.3713981522049557
1280,1280,0.04521626099439821
1281,1281,0.6150685993649453
1282,1282,0.8236882180325191
1283,1283,0.317712798942903
1284,1284,0.5918287023225268
1285,1285,0.19559032655807992
1286,1286,0.08896525006322124
1287,1287,0.4851892653762628
1288,1288,0.5467843241656478
1289,1289,0.03508743472242104
1290,1290,0.1486994623469565
1291,1291,0.5714794361890636
1292,1292,0.08282409742844354
1293,1293,0.02687259024573165
1294,1294,0.23348579602717426
1295,1295,0.3886492054686472
1296,1296,0.07334242783892633
1297,1297,0.19953147930468285
1298,1298,0.38460461022135606
1299,1299,0.48404512405294986
1300,1300,0.6416234336758248
1301,1301,0.8334896891572382
1302,1302,0.05719639980205102
1303,1303,0.6475843839999686
1304,1304,0.10153763968415684
1305,1305,0.07550824971498972
1306,1306,0.1805288938535673
1307,1307,0.03256450755407772
1308,1308,0.14092449015138753
1309,1309,0.8193905763011949
1310,1310,0.15870268494365103
1311,1311,0.38495949127594703
1312,1312,0.3635348361208843
1313,1313,0.02072138692668856
1314,1314,0.01924393911119191
1315,1315,0.3118796196537152
1316,1316,0.01024088665671031
1317,1317,0.4784858537493602
1318,1318,0.023720972654876032
1319,1319,0.010239488736322138
1320,1320,0.1288152384125557
1321,1321,0.018172795895299312
1322,1322,0.39072196279903615
1323,1323,0.2762440495040793
1324,1324,0.07929909824367558
1325,1325,0.4000502151895672
1326,1326,0.6283542104702854
1327,1327,0.12977905917597515
1328,1328,0.7205823285965139
1329,1329,0.3475496143795146
1330,1330,0.6862951067156812
1331,1331,0.2005029631781809
1332,1332,0.15662379401742937
1333,1333,0.18044783397838357
1334,1334,0.011003853399386879
1335,1335,0.6211228907424442
1336,1336,0.03315093158916948
1337,1337,0.630638080238308
1338,1338,0.00996026370675166
1339,1339,0.7422020956425176
1340,1340,0.018369685477954742
1341,1341,0.21520744051950222
1342,1342,0.01507821140352571
1343,1343,0.06921195201417836
1344,1344,0.04302071871671368
1345,1345,0.09590720492848098
1346,1346,0.05015831751195853
1347,1347,0.011634202908947774
1348,1348,0.7149179142265389
1349,1349,0.01631862196025151
1350,1350,0.017985377529114686
1351,1351,0.021775272787461424
1352,1352,0.04199011785774366
1353,1353,0.3447665666233621
1354,1354,0.3094448340389097
1355,1355,0.5647350685842312
1356,1356,0.0585303298834092
1357,1357,0.45296912914188503
1358,1358,0.010787191458674633
1359,1359,0.1938108208512383
1360,1360,0.1457540596686539
1361,1361,0.09066045724971913
1362,1362,0.5924587529744983
1363,1363,0.011501590191207871
1364,1364,0.12465532932108396
1365,1365,0.41892304273542386
1366,1366,0.26495215926579213
1367,1367,0.030156558809940504
1368,1368,0.1734469061008073
1369,1369,0.08234444717080265
1370,1370,0.034920881870959146
1371,1371,0.756169792739199
1372,1372,0.022871592767454596
1373,1373,0.17424692707279524
1374,1374,0.03749924144404348
1375,1375,0.23751655455658294
1376,1376,0.06880858666467056
1377,1377,0.4741429513416016
1378,1378,0.22582845241646948
1379,1379,0.15819670551929216
1380,1380,0.7495482058515824
1381,1381,0.4967905112816959
1382,1382,0.4211758012678201
1383,1383,0.009695637559033634
1384,1384,0.3475792452878862
1385,1385,0.6979954137104025
1386,1386,0.6753863044852858
1387,1387,0.0932188669607058
1388,1388,0.6002465884046322
1389,1389,0.584433808354316
1390,1390,0.5145506776094608
1391,1391,0.033309014426493457
1392,1392,0.7243717785778755
1393,1393,0.1393895066316893
1394,1394,0.02378344463816635
1395,1395,0.406733133831849
1396,1396,0.13824449964321403
1397,1397,0.011068167363824237
1398,1398,0.21380503440380108
1399,1399,0.20749399001796323
1400,1400,0.28601557376849485
1401,1401,0.05002375375218009
1402,1402,0.40923864457163395
1403,1403,0.012291843662912371
1404,1404,0.10027317963834714
1405,1405,0.12452732541560638
1406,1406,0.31166517671961924
1407,1407,0.39072196279903615
1408,1408,0.0754669983970942
1409,1409,0.009400979635108544
1410,1410,0.05689291465551144
1411,1411,0.02015179278439539
1412,1412,0.5405415892246399
1413,1413,0.5914217714797484
1414,1414,0.020791873513762774
1415,1415,0.06048676862806592
1416,1416,0.1866025317107135
1417,1417,0.00923614599595588
1418,1418,0.0834828977831885
1419,1419,0.33304100154738087
1420,1420,0.05472262417292462
1421,1421,0.009662067927614473
1422,1422,0.02231664931358876
1423,1423,0.010595555111119828
1424,1424,0.07970428242055702
1425,1425,0.053815331678693526
1426,1426,0.030854023889303042
1427,1427,0.069861071239874
1428,1428,0.7667710783169164
1429,1429,0.3292191583729952
1430,1430,0.12293472715664269
1431,1431,0.25090372796098465
1432,1432,0.2565429217689518
1433,1433,0.015283751541347075
1434,1434,0.7659982009442775
1435,1435,0.2273163891671153
1436,1436,0.3475472366070697
1437,1437,0.1482562659527557
1438,1438,0.3750858267044405
1439,1439,0.4694405861443889
1440,1440,0.3001957320700593
1441,1441,0.46793700417686934
1442,1442,0.07879239544452595
1443,1443,0.5916707593575226
1444,1444,0.16134319784833653
1445,1445,0.18565518248343194
1446,1446,0.2556466049171674
1447,1447,0.1608709522325176
1448,1448,0.10170600444183123
1449,1449,0.8535809306293244
1450,1450,0.049491175711899676
1451,1451,0.6951394753045637
1452,1452,0.43756236519413066
1453,1453,0.02056161920000362
1454,1454,0.12656701011757254
1455,1455,0.0507551992635321
1456,1456,0.08893700721955604
1457,1457,0.16192214429755297
1458,1458,0.20625119435055944
1459,1459,0.8139512653161739
1460,1460,0.7950701313412454
1461,1461,0.02082999907665379
1462,1462,0.009606913706836397
1463,1463,0.3001957320700593
1464,1464,0.4151774742501511
1465,1465,0.6026856227414639
1466,1466,0.03845293617298993
1467,1467,0.019896891318079854
1468,1468,0.026377248453504268
1469,1469,0.4156543434846903
1470,1470,0.24181362518434674
1471,1471,0.055992670674323286
1472,1472,0.3117800043518374
1473,1473,0.32314431317004827
1474,1474,0.46614082823506414
1475,1475,0.8025511483790323
1476,1476,0.03872132263264441
1477,1477,0.0370478876488233
1478,1478,0.2790467164980124
1479,1479,0.42970715397851794
1480,1480,0.018334807216969503
1481,1481,0.4179316319033133
1482,1482,0.009938094181198965
1483,1483,0.1349508590712927
1484,1484,0.1552635130866614
1485,1485,0.3040280189661027
1486,1486,0.05188561346239478
1487,1487,0.09460780439025442
1488,1488,0.2517839687094304
1489,1489,0.14197783286747015
1490,1490,0.6392485894457757
1491,1491,0.024624098924460696
1492,1492,0.009419570172019342
1493,1493,0.14733645223087127
1494,1494,0.7349271265629742
1495,1495,0.39995646561851694
1496,1496,0.3102906535760167
1497,1497,0.1722580606493397
1498,1498,0.21217673261214243
1499,1499,0.11066351901921054
1500,1500,0.05083618574813582
1501,1501,0.03712116261516845
1502,1502,0.008298863846341825
1503,1503,0.11588992978769386
1504,1504,0.937170514785621
1505,1505,0.39896869665782275
1506,1506,0.6333856157290733
1507,1507,0.19160251273219228
1508,1508,0.6560630708392408
1509,1509,0.4586543502189528
1510,1510,0.08358986455213135
1511,1511,0.043325202403815606
1512,1512,0.13221499672310502
1513,1513,0.1449250248594943
1514,1514,0.038825445280945906
1515,1515,0.45781518096320134
1516,1516,0.07795167250077141
1517,1517,0.5855048863717197
1518,1518,0.29715633251539364
1519,1519,0.12345290946716349
1520,1520,0.04321302933516076
1521,1521,0.10760362474971295
1522,1522,0.01282427005836574
1523,1523,0.163257883174864
1524,1524,0.023143784953568006
1525,1525,0.5294113333603453
1526,1526,0.0668203329259754
1527,1527,0.7340746943969527
1528,1528,0.12596180116651262
1529,1529,0.5091708541645855
1530,1530,0.20587398067994736
1531,1531,0.10194757273633864
1532,1532,0.01047335589727084
1533,1533,0.1257436594418274
1534,1534,0.04810294798782868
1535,1535,0.15744026646625603
1536,1536,0.046649766148686565
1537,1537,0.3099338018100042
1538,1538,0.008298863846341825
1539,1539,0.4630584643908877
1540,1540,0.053815331678693526
1541,1541,0.5860859734180638
1542,1542,0.30313971867188433
1543,1543,0.009859595516555549
1544,1544,0.0439167456791689
1545,1545,0.5052687416654161
1546,1546,0.14666771080294402
1547,1547,0.33396784851746586
1548,1548,0.48732669241202253
1549,1549,0.09192551217328578
1550,1550,0.8248376180963974
1551,1551,0.643574213236413
1552,1552,0.3769461359817126
1553,1553,0.012248156796566878
1554,1554,0.017409643291485817
1555,1555,0.042273549672937956
1556,1556,0.22622119176859953
1557,1557,0.6256104541492741
1558,1558,0.048252712028185346
1559,1559,0.020136009322824767
1560,1560,0.32337836428857575
1561,1561,0.013075754086082397
1562,1562,0.03595040933780345
1563,1563,0.4428879156531876
1564,1564,0.08284041435955272
1565,1565,0.20913107654601934
1566,1566,0.023999248344470158
1567,1567,0.08119549306268978
1568,1568,0.6636095178026589
1569,1569,0.01858405859183991
1570,1570,0.3200518157564298
1571,1571,0.10157442370956248
1572,1572,0.2324946286570367
1573,1573,0.018189948907297762
1574,1574,0.5174460049981772
1575,1575,0.8481964267705613
1576,1576,0.04407140670776078
1577,1577,0.05952016791519473
1578,1578,0.24000756438813456
1579,1579,0.27891209939777145
1580,1580,0.7770239788020733
1581,1581,0.05053059940471444
1582,1582,0.31166517671961924
1583,1583,0.016185812236492857
1584,1584,0.5460065638787452
1585,1585,0.4693545139573184
1586,1586,0.03092343541262919
1587,1587,0.07292877528740364
1588,1588,0.009772860195080722
1589,1589,0.40055955913381314
1590,1590,0.3138538617766888
1591,1591,0.324469160612225
1592,1592,0.7730140261062729
1593,1593,0.1921132639980671
1594,1594,0.007909837786208053
1595,1595,0.32015116040991964
1596,1596,0.11719713005380872
1597,1597,0.14666771080294402
1598,1598,0.11143481638216782
1599,1599,0.37355339040010493
1600,1600,0.5749741415786668
1601,1601,0.3712757097574208
1602,1602,0.6366974231815572
1603,1603,0.6416171079905025
1604,1604,0.02322046560445283
1605,1605,0.18818277841182524
1606,1606,0.12840546137170913
1607,1607,0.16417812699400686
1608,1608,0.01779948467325603
1609,1609,0.5356814141468828
1610,1610,0.04862469355210517
1611,1611,0.24737039143085499
1612,1612,0.8329206842406575
1613,1613,0.11763431451608239
1614,1614,0.20375302284403835
1615,1615,0.17386146908615796
1616,1616,0.3258414484460372
1617,1617,0.14265686929143212
1618,1618,0.40285672982559556
1619,1619,0.4427496353381902
1620,1620,0.0393896701113946
1621,1621,0.2404891245096866
1622,1622,0.047543954991299785
1623,1623,0.35147745045711043
1624,1624,0.019291334910532365
1625,1625,0.03909745745680809
1626,1626,0.015450825179210408
1627,1627,0.10130916184864232
1628,1628,0.5110957048697837
1629,1629,0.2902826663099465
1630,1630,0.09310853882019936
1631,1631,0.03372120245250176
1632,1632,0.270957930203418
1633,1633,0.10562361910098578
1634,1634,0.1251671425943645
1635,1635,0.009606913706836397
1636,1636,0.010097487363950183
1637,1637,0.8845038402814706
1638,1638,0.6540242907781281
1639,1639,0.44937931810092513
1640,1640,0.5504299143878044
1641,1641,0.18831911437422816
1642,1642,0.03932688871771678
1643,1643,0.1454019234920153
1644,1644,0.25245631961098103
1645,1645,0.2540099650843644
1646,1646,0.05026351872069479
1647,1647,0.3332091747289684
1648,1648,0.2033579573364092
1649,1649,0.5497238165082544
1650,1650,0.0478711450396241
1651,1651,0.11041481749031565
1652,1652,0.14539109136891373
1653,1653,0.6671473118374026
1654,1654,0.024209115189376147
1655,1655,0.432678606118279
1656,1656,0.046394539018109415
1657,1657,0.025767847989934606
1658,1658,0.030103480196377
1659,1659,0.3037428637680921
1660,1660,0.17197954953772812
1661,1661,0.024057353148402016
1662,1662,0.013046954565909673
1663,1663,0.3550333369612302
1664,1664,0.1679949321507061
1665,1665,0.803713557475563
1666,1666,0.19721927772213396
1667,1667,0.12979417047082337
1668,1668,0.04181460570395062
1669,1669,0.05768116087888383
1670,1670,0.8275882501556521
1671,1671,0.3801449610972532
1672,1672,0.10781206219447852
1673,1673,0.09044897138459863
1674,1674,0.0367978837465753
1675,1675,0.3043126362580927
1676,1676,0.44211337853293337
1677,1677,0.022094875425624397
1678,1678,0.32509048271468916
1679,1679,0.2313710795804748
1680,1680,0.1367500125943805
1681,1681,0.023024138278175024
1682,1682,0.6041189874970331
1683,1683,0.2893404151281775
1684,1684,0.4962868774590667
1685,1685,0.01454521474777632
1686,1686,0.7967171167490464
1687,1687,0.22488261923946168
1688,1688,0.36763349352013047
1689,1689,0.07150568540949778
1690,1690,0.016245390843111336
1691,1691,0.3367070779739854
1692,1692,0.09655793240061268
1693,1693,0.3816036078549423
1694,1694,0.03902052542514852
1695,1695,0.14170657009228563
1696,1696,0.4644743819128948
1697,1697,0.2870495670912008
1698,1698,0.10011726045999067
1699,1699,0.1571339708968526
1700,1700,0.05157501040606477
1701,1701,0.13773637741293618
1702,1702,0.04403682662188025
1703,1703,0.03671104655540298
1704,1704,0.6880884674414735
1705,1705,0.10075145671441092
1706,1706,0.5094126408679787
1707,1707,0.1893700613754503
1708,1708,0.6029728882428689
1709,1709,0.49352973476705597
1710,1710,0.011116767161063818
1711,1711,0.40923864457163395
1712,1712,0.04610447402275339
1713,1713,0.5760067592933004
1714,1714,0.07963293055639081
1715,1715,0.011955995081933025
1716,1716,0.2511281815585284
1717,1717,0.01395872340403617
1718,1718,0.012069263416342693
1719,1719,0.284515122024694
1720,1720,0.008014145353428027
1721,1721,0.7022142423632818
1722,1722,0.4474387712209917
1723,1723,0.012421853259447106
1724,1724,0.7587871277473573
1725,1725,0.4029572884173896
1726,1726,0.5032494694934676
1727,1727,0.06439503692517365
1728,1728,0.01664939960363613
1729,1729,0.7498751713968609
1730,1730,0.6634833396864206
1731,1731,0.5584352795000547
1732,1732,0.4018785367425248
1733,1733,0.0515646694940214
1734,1734,0.23440317492910379
1735,1735,0.44432445278937316
1736,1736,0.07240042058157385
1737,1737,0.595877298463951
1738,1738,0.017646066447821438
1739,1739,0.038529748179911436
1740,1740,0.5552649393444675
1741,1741,0.1686873447816607
1742,1742,0.00943189641809545
1743,1743,0.2117403836527363
1744,1744,0.014952694820204936
1745,1745,0.014151936281433885
1746,1746,0.26406070467498355
1747,1747,0.021460765056866896
1748,1748,0.07835528172740638
1749,1749,0.009348081033748595
1750,1750,0.2483205292999633
1751,1751,0.49551557437161714
1752,1752,0.15886113851748954
1753,1753,0.6448937414537326
1754,1754,0.05741827387475242
1755,1755,0.059591032698522096
1756,1756,0.12673979251777834
1757,1757,0.014391832006733631
1758,1758,0.8212328054334737
1759,1759,0.5375854557615373
1760,1760,0.017219637599126952
